Id,NAME,ADDRESS,CITY,STATE,ZIP,LAT,LON,PHONE,REVENUE,UTILIZATION
01690a53-2b74-34d1-877a-06ba951253ae,HOSPITAL AUTHORITY OF THE CITY OF BAINBRIDGE AND DECATUR COUNTY,1501 MILULI AVE,BAINBRIDGE,GA,398195700,30.900335,-84.553619,2292430152,0.0,360
8d66ee46-868f-3a71-97e3-10bb0ba26bb4,COBB HOSPITAL INC,3950 AUSTELL RD,AUSTELL,GA,301061121,33.8126059,-84.6343783,4706440012,0.0,1790
c17fab8f-a897-39ef-88e1-2117c4e832bd,NORTHEAST GEORGIA PHYSICIANS GROUP URGENT CARE LLC,743 SPRING ST NE,GAINESVILLE,GA,305012545,34.3044194,-83.8162306544173,7702198420,0.0,21
d5090435-301c-323e-ac7a-af8eb1d275c3,TOTAL HEALTH SOLUTIONS MEDICAL CENTER,12220 BIRMINGHAM HWY STE A,MILTON,GA,300044184,34.0920046,-84.3396005,7707515700,0.0,19
92d034d8-abef-3438-99a8-7dec2107bc8b,LAKE CITY NURSING AND REHABILITATION CENTER LLC,2055 REX ROAD,LAKE CITY,GA,302603944,33.599309346938774,-84.32207779591836,4043615114,0.0,3
972538af-d299-384a-af70-705b0f6758fc,Milledgeville Community Based Outpatient Clinic,2249 Vinson Hwy SE,Milledgeville,GA,31061,33.047714,-83.212585,478-414-4540,0.0,384
33b5d6c0-fb79-3131-ae41-75edd070942b,LIFEBRITE HOSPITAL GROUP OF EARLY LLC,11740 COLUMBIA ST,BLAKELY,GA,398232574,31.3773475,-84.9343388,2297234841,0.0,104
9f2345a8-b226-31c1-b9a6-ee51cd949b4d,URGENT CARE OF OCONEE  LLC,2061 EXPERIMENT STATION RD,WATKINSVILLE,GA,306775328,33.867255650000004,-83.41415563199973,7063100324,0.0,2
723b799b-fb6a-39ea-ab84-da2e56813002,NGMC LUMPKIN LLC,227 MOUNTAIN DR,DAHLONEGA,GA,305331606,34.522819850000005,-83.97554514259969,7702199000,0.0,91
6856f0ff-d729-3c9c-aeae-a94431c13a31,HEALING HEART URGENT CARE LLC,2484 BRIARCLIFF ROAD,ATLANTA,GA,30329,33.828095,-84.331557,4048094300,0.0,4
e1a17ffd-2098-30aa-8d49-396db725dbbf,GOLD CITY HEALTH AND REHAB,222 MOORE DRIVE,DAHLONEGA,GA,305330441,34.5328484,-83.9845723,7068643045,0.0,1
38ecd55b-64ae-303d-b9ea-8ef3f1d6821b,ANYTIME MD URGENT CARE LLC,4898 AUSTELL RD,AUSTELL,GA,301062055,33.8126059,-84.6343783,7706358407,0.0,8
437facbf-64d9-3f6e-889c-18697614881e,PREMIER HEALTHCARE INVESTMENTS,509 SUMTER ST,MONTEZUMA,GA,310631733,32.2949104,-84.03056516369465,4784723100,0.0,28
96fceadc-206a-3f06-85db-119ca8082726,PIEDMONT HOSPITAL,1968 PEACHTREE RD NW,SANDY SPRINGS,GA,303285338,33.9242688,-84.3785379,4046055000,0.0,269
a8531ad5-cedd-3be3-a25e-512535dc5f79,THE HOSPITAL AUTHORITY OF HABERSHAM COUNTY,800 AUSTIN DR,DEMOREST,GA,305354508,34.565193,-83.5453322,7068394092,0.0,99
1528a940-25a1-34ce-a3aa-b93ec20e25d1,PRUITTHEALTH - AUGUSTA,2541 MILLEDGEVILLE ROAD,AUGUSTA,GA,309044954,33.446721,-82.018091,7067382581,0.0,11
a9aa2bb4-a13d-3d0e-a2e0-8efdfca6643f,FAMILY MEDICAL CENTER PC,5615 OLD NATIONAL HWY STE D,COLLEGE PARK,GA,30349,33.60177708170801,-84.47209900636832,7709972900,0.0,77
8e92f4ff-25d1-3c2f-8d4a-9f9b26e3fb55,PHOEBE PUTNEY MEMORIAL HOSPITAL  INC.,320 FOUNDATION LN,ALBANY,GA,317075862,31.577127,-84.2184113,2293127050,0.0,1
006a272a-a106-3eed-8f1b-1e49841ffc8e,SOUTHSIDE FAMILY PRACTICE,5898 JONESBORO RD,MORROW,GA,302601742,33.5546148,-84.3468669,7706295410,0.0,35
9678ee58-e4f0-3338-9b05-54f89819c714,PRIME HEALTHCARE FOUNDATION - SOUTHERN REGIONAL LLC,11 UPPER RIVERDALE RD SW,RIVERDALE,GA,302742615,33.5726113,-84.4132594,7709918000,0.0,112
8f927b73-c361-340e-9942-b1332d7b9d32,THE HOSPITAL AUTHORITY OF HABERSHAM COUNTY,541 441 HISTORIC HWY N,DEMOREST,GA,305354528,34.565193,-83.5453322,7067542161,0.0,270
8b2b3292-1b33-3d57-900b-00d271ae8b40,ABSOLUTE HEALTH FAMILY & URGENT CARE CLINIC,7574 GA 85,RIVERDALE,GA,302743447,33.5545370625,-84.41454033035714,0000000000,0.0,4
767bee69-afd4-3c26-908d-dfeef6cf2f8a,KINDRED AT HOME,2280 EAST VICTORY DRIVE  SUITE B,SAVANNAH,GA,314043957,32.03743000159534,-81.05779467151926,9123553409,0.0,46
05648cbf-8fc0-397e-b88e-ad7686f445d5,SEARS MANOR NURSING HOME,3311 LEE STREET,BRUNSWICK,GA,315204120,31.175641499999998,-81.49585045,9122641857,0.0,18
bbb761cf-0b4d-32f7-bdab-cb45652a3817,NORTH GEORGIA COMMUNITY HOSPICE  LLC,714 S THORNTON AVE,DALTON,GA,307208410,34.76525903808843,-84.97176865752287,7065293525,0.0,1
6973af9f-6d57-3956-9e6c-3662746389a2,SOUTHSIDE MEDICAL CENTER-NORCROSS CLINIC,5127 JIMMY CARTER BOULEVARD  #205,NORCROSS,GA,300931619,33.9263766,-84.2184377,7706130070,0.0,1
27d43155-4fcf-35bf-82d8-6b0fe2f9d1db,URGENT CARE OF BERWICK LLC,5730 OGEECHEE RD STE 192,SAVANNAH,GA,314059521,32.0549348,-81.137436,9122011140,0.0,1
efd7a6d1-6b74-3907-9454-d0bf56d1a044,KENNESTONE HOSPITAL  INC.,677 CHURCH ST NE,WOODSTOCK,GA,301893768,34.1014112,-84.5192192,4706440012,0.0,140
63a26845-5d6c-308a-ab9f-b8a2d476bd48,RIDGEWOOD MANOR HEALTH AND REHABILITATION,1110 BURLEYSON DRIVE,DALTON,GA,307203016,34.7691867,-84.9702475,7062261021,0.0,3
eb9d6e91-b2ee-3c7a-b6e2-42476e82ae99,Hinesville Clinic,500 East Oglethorpe Highway,Hinesville,GA,31313,31.838243,-81.595215,912-408-2900,0.0,72
845e3cb9-7ddb-3c01-bd07-fb9c6f2d97e8,ALBANY AREA PRIMARY HEALTH CARE INC,4529 GILLIONVILLE RD,ALBANY,GA,317219566,31.5856748,-84.2291571,2294056188,0.0,62
a266cf54-77ae-3056-8908-cebd08fa7bfe,SOUTHEAST GEORGIA HEALTH SYSTEM  INC,2415 PARKWOOD DR,ST. SIMONS ISLAND,GA,31522,31.2182863,-81.3612077,9124667000,0.0,234
2e6375e1-c783-3863-8513-c8a7b1495997,PRESBYTERIAN VILLAGE,2000 EAST-WEST CONNECTOR,AUSTELL,GA,301061194,33.8126059,-84.6343783,7708197000,0.0,1
4a6b6806-5557-3839-a977-76350707a797,CHI MEMORIAL HOSPITAL - GEORGIA,100 GROSS CRESCENT CIR,RINGGOLD,GA,307365164,34.91591,-85.1091173,(706) 858-2000,0.0,1044
6839f915-6788-3b74-9d9a-5232166f2723,SAMRAJ MEDICAL CLINIC  P.C.,2000 12TH AVE,COLUMBUS,GA,319011638,32.48169,-84.975719,7066532226,0.0,37
744f6f3e-1385-3848-b160-22fd3ee8598f,PHOEBE PUTNEY MEMORIAL HOSPITAL  INC.,417 W 3RD AVE,ALBANY,GA,317011528,31.59042535,-84.15758867013469,2293124268,0.0,1
983a411a-f627-3142-aaed-86f4ecbbfb0e,BRUNSWICK URGENT CARE  LLC,208 SCRANTON CONNECTOR STE 117,BRUNSWICK,GA,315250560,31.1499528,-81.4914894,9125745958,0.0,23
1ae216da-6118-30ca-94fc-9efb3dde39c4,GENESYS FAMILY PRACTICE  INC.,120 HANDLEY RD,TYRONE,GA,30290,33.48168068181818,-84.58382772727272,7709645810,0.0,60
79dd113c-59a3-3a67-8706-d43633a8e279,PHOEBE PUTNEY MEMORIAL HOSPITAL  INC.,417 W 3RD AVE,ALBANY,GA,317011943,31.59042535,-84.15758867013469,2293124268,0.0,177
0ff20a04-d105-3174-8071-f4130ea1bf1e,GUARDIAN HOME CARE OF NORTHEAST GEORGIA,5089 BRISTOL INDUSTRIAL WAY  STE B,BUFORD,GA,305181780,34.139605505346395,-83.96181585304078,6784509950,0.0,17
b4df1664-4a6a-3cbe-9e9e-87c0897194f3,CHAPLINWOOD NURSING HOME,325 ALLEN MEMORIAL DRIVE SW,MILLEDGEVILLE,GA,310614405,33.0801429,-83.2320991,4784538514,0.0,11
516035a7-6626-3222-9348-82f0e80803c5,ATLANTA MEDICAL CENTER PHYSICIAN GROUP  LLC,3886 REDWINE ROAD,ATLANTA,GA,303315511,33.659963727254926,-84.50852190843243,4045303060,0.0,59
6574aea7-4f76-3424-8c40-979a5ad977ac,HOMETOWN HEALTHCARE OF BYRON  LLC,103 MOSELEY RD,BYRON,GA,310087148,32.65397980701995,-83.76039741667239,4786545327,0.0,42
415f80ca-4824-33ae-8399-631c22b100ce,HAMILTON MEDICAL CENTER,1200 MEMORIAL DR,RINGGOLD,GA,307360600,34.91591,-85.1091173,7062726000,0.0,100
eb4206da-044d-3530-b6b4-51ac311ff152,PRUITTHEALTH - AUSTELL,1700 MULKEY RD,AUSTELL,GA,301061116,33.8126059,-84.6343783,7709415750,0.0,1
13debfa0-7312-3969-851e-00d1b83c5943,RICHMOND HILL FAMILY PRACTICE AND URGENT CARE LLC,10200 FORD AVE STE 101,RICHMOND HILL,GA,313248824,31.945826,-81.309628,9124896446,0.0,6
26792259-e085-39d6-9b89-ad80c35158a2,MED NOW URGENT CARE  LLC,104 N BELAIR RD SUITE 101,GROVETOWN,GA,308134221,33.4504157,-82.1981764,7069223669,0.0,1
0010f8d2-3f48-36fa-850d-eae46aaf0198,PIEDMONT NEWTON HOSPITAL  INC,5126 HOSPITAL DR NE,COVINGTON,GA,300142566,33.601406350000005,-83.84776156238493,7703854426,0.0,33
bbd58f64-3736-3094-b8ed-0679222d0458,REGENCY HOSPITAL COMPANY OF MACON  LLC,535 COLISEUM DRIVE,MACON,GA,312170104,32.847053271677154,-83.61660009228572,4788037300,0.0,46
baf4b66a-5410-3ab4-a5f9-f1b2c7196123,BRYAN COUNTY HLTH & REHAB CTR,127 CARTER ST,RICHMOND HILL,GA,313243753,31.954922544413808,-81.32500514867998,9127566131,0.0,1
c8f179b5-8a33-324b-9298-4c28213990d7,COLUMBUS FAMILY MEDICINE  LLC,2827 WARM SPRINGS RD,COLUMBUS,GA,319045246,32.503750758491975,-84.95102650210478,7063244177,0.0,25
57a79f1a-3e8e-3c71-9fc5-e5b2aa64ec75,KENNESTONE HOSPITAL  INC.,677 CHURCH ST NE,MARIETTA,GA,300601101,33.968694625,-84.550337625,4706440012,0.0,213
afb009b8-b0de-3f62-bd49-6eebf9739d59,PRESTIGEHEALTH PRIMARY AND URGENT CARE LLC,3920 JONESBORO RD STE 3,UNION CITY,GA,302912258,33.560796,-84.516472,6783872710,0.0,3
174f104d-0c6e-3524-81ef-9c1e9425e1a4,PRUITTHEALTH - AUGUSTA HILLS,2122 CUMMING ROAD,AUGUSTA,GA,309044334,33.477614933333335,-82.00918646666666,7067378258,0.0,1
92492c0d-eaab-35bc-8c22-d24ce8564702,MERIWETHER HEALTHCARE LLC,5995 SPRING ST,WARM SPRINGS,GA,318302149,32.889819900000006,-84.68298391877875,7066553331,0.0,21
de01f743-a0d9-34a2-aaa9-b64146b75777,COLLABORATIVE HEALTH CARE & TNG INS,112 WRIGHT DR,MILLEDGEVILLE,GA,310610701,33.115180958075534,-83.25550043693607,4782952626,0.0,167
9ddd0359-d4b3-37ae-b25c-c3798efcfef3,TIFTON OPERATING COMPANY LLC,1451 NEWTON DR,TIFTON,GA,317943752,31.460047000000003,-83.4891595,2293821665,0.0,2
a89ce59c-8a36-348a-b3b3-fc9a3e8db038,MOUNTAIN INTERNAL MEDICINE,835 AUSTIN DR,DEMOREST,GA,305350880,34.565193,-83.5453322,7067548518,0.0,67
7a182c97-02ea-34bf-8bf7-96b0a42e877f,EMORY UNIVERSITY HOSPITAL,1364 CLIFTON ROAD  NE,TUCKER,GA,300848100,33.85162905,-84.22374316732959,4046868500,0.0,21
0e144a7d-f037-3e1a-abbf-28d992bfafa7,ALPHA FAMILY MEDICINE INC,480 N MAIN ST STE 202,ALPHARETTA,GA,300098386,34.088104016998,-84.29523015353196,6786191974,0.0,48
bdc11806-85f0-3711-8848-c8a7e8f9b975,CHARLTON FAMILY CARE  INC,190 AUSTIN RYAN DR,KINGSLAND,GA,315486191,30.810374338974736,-81.62465769105208,9172886765,0.0,16
9c1c779a-ef72-3252-9c2f-1cabfe05e404,HAZLEHURST FAMILY CLINIC LLC,906 BRYAN ST W,DOUGLAS,GA,315332330,33.6995565,-84.7622973,9123839300,0.0,129
eede71da-8f99-3a3f-8b9f-91d90b852051,HOSPITAL AUTHORITY OF COLUMBUS GA,7150 MANOR ROARD,COLUMBUS,GA,31906,32.4610708,-84.9880449,7065613218,0.0,1
6146e6db-9cde-359a-8414-d50b98ae6f7f,RIVERDALE MEDICAL CENTER LLC,189 MEDICAL WAY,RIVERDALE,GA,302744905,33.577685959183675,-84.3957302244898,7709072333,0.0,34
20f6216a-fadd-32ba-a78b-ad08de4dad71,CHRISTIAN CITY REHABILITATION CENTER,7300 LESTER ROAD,UNION CITY,GA,302912328,33.5870558,-84.5424299,7709643301,0.0,71
a590d4f8-c5ba-3a83-b0cb-2a2857b068d1,HUGHSTON HOSPITAL  INC.,100 FRIST CT,COLUMBUS,GA,319093578,32.534974649999995,-84.95122471993574,7064942101,0.0,293
51e89ece-9921-375a-9963-bcc47569fa5a,SERENITY WELLNESS SPA LLC,106 SPORTSMAN CLUB RD NE,MILLEDGEVILLE,GA,310618787,33.0801429,-83.2320991,4784530041,0.0,28
55539835-aa40-3206-80af-e6b92f4647f4,LENORA CHURCH ROAD PROPERTY- SNF LLC,3000 LENORA CHURCH RD,SNELLVILLE,GA,300783622,33.837698,-84.008349,6789873819,0.0,1
7ca8e4b1-0ed5-3f29-9062-44a1586eeb98,TARA OPERATOR LLC,3223 FALLIGANT AVE,THUNDERBOLT,GA,314045339,32.024435249999996,-81.05325400543828,9126912512,0.0,1
1bdfa144-77be-39c0-a9e4-3c7f086c949b,OAK VIEW HOME  INC,119 OAKVIEW STREET,WAVERLY HALL,GA,318313139,32.687647697979216,-84.74012589669086,7065822117,0.0,116
c0debc14-5611-3cfe-8e57-dae66f837c44,OAKS - SCENIC VIEW SKILLED NURSING  THE,205 PEACH ORCHARD ROAD,BALDWIN,GA,305111803,34.49781611945986,-83.53462786941041,7067788377,0.0,147
fd139ba9-e968-3e06-aba0-ee21582e918f,HEALTH CARE FOR LIFE GA  LLC,5607 GLENRIDGE DR NE,ATLANTA,GA,303427200,33.9069723,-84.3633518099322,4044974119,0.0,54
ef049d81-736d-3839-bae0-04c8710b5f2f,FAMILY MEDICINE AND URGENT CARE  PC,4415 FRONT NINE DRIVE,DAWSONVILLE,GA,30534,34.4212053,-84.1190804,6786664430,0.0,6
18fcd927-2353-3744-be56-c89cbd5b3820,REHABILITATION CENTER OF SOUTH GEORGIA,2002 TIFT AVENUE NORTH,TIFTON,GA,317941824,31.472927102040817,-83.50315312244898,2293827342,0.0,4
26622b23-5148-3b0f-91a7-cd3a18d0486d,STEVENS PARK HEALTH AND REHABILITATION,820 STEVENS CREEK ROAD,AUGUSTA,GA,309079251,31.1558834,-81.4045685,7067370350,0.0,9
013d9d52-9c84-3d24-bc02-7e74b1c1ea05,J&T FAMILY VENTURES INC,1651 POWDER SPRINGS RD SW,MARIETTA,GA,30064,33.9222864,-84.5777666,7704225052,0.0,38
e8ffbff1-38c0-3ba3-919f-fe630f14d9f2,RIVERSIDE HEALTH CARE CENTER,5100 WEST ST NW,COVINGTON,GA,300142173,33.6064995483871,-83.867391,7707870211,0.0,3
09d9b6c0-a0d2-3d3d-993c-a111d494aa68,SOUTHLAND HEALTH AND REHABILITATION,151 WISDOM ROAD,PEACHTREE CITY,GA,302693937,33.40855060548976,-84.59578592125573,7706319000,0.0,30
d0f48bc2-8330-33c5-96af-30e80cf6fa75,ARROWHEAD HEALTH AND REHAB,239 ARROWHEAD BOULEVARD,JONESBORO,GA,302361101,33.5773257,-84.3830638,7704783013,0.0,36
5c125022-d9a0-327e-ac0a-0489bd545ad2,OMNI PRIMARY CARE  PC,750 HAMMOND DR,SANDY SPRINGS,GA,303285532,33.9187668,-84.3489771,4044002255,0.0,39
efb2414d-7cd1-320d-b349-afe31553d322,ATRIUM HEALTH NAVICENT BALDWIN,821 NORTH COBB STREET,MILLEDGEVILLE,GA,310612343,33.0896823,-83.24592310689115,4784543649,0.0,114
27d64c7c-39fd-314d-a4bc-90fc95085508,CONYERS GA OPCO LLC,1420 MILSTEAD RD NE,CONYERS,GA,300123823,33.6676103,-84.0176904,7704833902,0.0,1
3b0462ab-e787-3648-976b-627adff015fa,PIEDMONT CARTERSVILLE MEDICAL CENTER,960 JOE FRANK HARRIS PARKWAY,CARTERSVILLE,GA,301218715,34.1652304,-84.7997613,4704901000,0.0,3
7b134643-1817-3625-bd6e-8fe82ea29fe3,SOUTH ATLANTA URGENT CARE CLINIC LLC,5185 OLD NATIONAL HWY,ATLANTA,GA,303493244,33.6139211,-84.4729643592205,4047639300,0.0,1
6323c3be-b157-3d5b-8956-f55ace66404e,TMC VILLA RICA HOSPITAL  INC,601 DALLAS HWY,VILLA RICA,GA,301801243,33.74539685,-84.9164803348259,7704563000,0.0,556
28a9a232-f23f-312b-9bce-f8deb208aa15,MEDICI URGENT CARE AND WELLNESS CENTER,1039 GRANT ST SE STE D12,ATLANTA,GA,303152014,33.7256986,-84.37702677574447,6787365248,0.0,3
18ad603b-7abb-34a0-ac8c-87c26e09ada0,OPTIMAL HEALTHCARE SOLUTIONS LLC,3201 ATLANTA INDUSTRIAL PKWY NW STE 211,ATLANTA,GA,303311047,33.791277199999996,-84.49549315209228,6789277143,0.0,129
76c0ee70-4619-3509-8650-86e756a99278,CRISP REGIONAL HOSPITAL,902 7TH ST NORTH,CORDELE,GA,310154525,31.97761035,-83.78126826966952,2292719686,0.0,131
5c0eb32c-b8b5-3c5b-9ca2-4421cea7fb00,WAYNE MEMORIAL HOSPITAL,865 SOUTH FIRST STREET,JESUP,GA,315450210,31.6074365,-81.8853924,9125303302,0.0,822
f78c8043-365c-38a7-af5d-f4d26bc55f1e,ATRIUM HEALTH NAVICENT PEACH,1960 HIGHWAY 247 CONNECTOR,BYRON,GA,310085663,32.6537561,-83.7596294,4786542000,0.0,33
b25ff105-fac0-30d6-b76f-9db436e32a81,ES REHABILITATION LLC,1441 CLIFTON RD NE,ATLANTA,GA,303221004,33.7949415,-84.320485,4047125512,0.0,26
8244c4c9-876d-3a16-9c6a-0c54a9003e97,ANCHORED IN WELLNESS  LLC,311 E CHERRY ST,JESUP,GA,315464872,31.60268209686947,-81.87970804330011,9125308889,0.0,119
905201a5-f944-39aa-b736-222ec953cf70,KENNESTONE HOSPITAL  INC.,2540 WINDY HILL RD SE,WOODSTOCK,GA,301898272,34.1014112,-84.5192192,4706440012,0.0,197
398c580f-7cf5-3229-bf43-d70dbe688c1f,INTERNAL MEDICINE ASSOCIATES OF DALTON INC,1209 W WALNUT AVE,DALTON,GA,307203961,34.75861209199469,-84.98702360309602,7062265300,0.0,105
d7f06781-c305-3ab5-af61-9bbf2f477fc8,PRUITTHEALTH - FAIRBURN,7560 BUTNER ROAD,FAIRBURN,GA,302131914,33.6418916,-84.63563312803345,7703067878,0.0,26
7d365571-c841-3270-96d1-4d0b36fdc68b,PARK CENTRAL FAMILY PRACTICE  INC.,4367 NEW SNAPFINGER WOODS DR,DECATUR,GA,30035,33.7143231,-84.2114942,7709812008,0.0,60
6af89e85-e04c-315b-997e-5974b8200f4e,AGAPE HOSPICE CARE OF CHEROKEE COUNTY LLC,100 LONDONDERRY CT STE 120,WOODSTOCK,GA,301887353,34.1014112,-84.5192192,4044430678,0.0,2
11069bf7-7302-3a21-b8ad-bfa1fd4ee733,PREMIER FAMILY CLINIC,3646 CHAMBLEE TUCKER RD STE B,CHAMBLEE,GA,303414406,33.8790823,-84.2733668,7704936767,0.0,27
f16a571b-11f8-3b07-9b65-bac0c1bd0d53,ROSWELL NURSING & REHAB CENTER,1109 GREEN STREET,ROSWELL,GA,300753609,34.0286458,-84.3597603,7709981802,0.0,10
a0f41753-d478-32a5-9911-e8435b1b4727,HOSPICE OF NORTHEAST GA MC,2150 LIMESTONE PARKWAY STE 222,GAINESVILLE,GA,305012567,34.31786232720095,-83.80017719473277,7702198888,0.0,1
5c0a0b8c-5ea2-3081-a454-10668a1d24c7,CANDLER HOSPITAL INCORPORATED,5353 REYNOLDS ST,SAVANNAH,GA,314112872,32.0277204,-81.1002568,9128125290,0.0,30
75163e3e-f95c-33d9-9f12-3b81e2e64dd6,MLK KING JR ELEMENTARY SCHOOL CLINIC,1073 WOODLAND HIGHWAY,TALBOTTON,GA,318272037,32.6776372,-84.5393664,7066652585,0.0,36
e73636dd-2aee-3433-9920-6a7a77f4d4b4,NORTHSIDE URGENT CARE HOLDING LLC,1000 JOHNSON FY RD NE,ROSWELL,GA,300764982,34.02332,-84.360022,4048518000,0.0,1
3f45d083-db9d-3fb9-9c22-6448cf98c5d3,CENTERWELL SENIOR PRIMARY CARE GA PC,6085 OLD NATIONAL HWY STE G,SOUTH FULTON,GA,303494333,33.5902659,-84.6712292,4074477120,0.0,68
d0a3ac2e-7c20-34f3-8b33-8ef13dd249df,FOUR COUNTY HEALTH AND REHABILITATION,124 OVERBY DRIVE,RICHLAND,GA,318251300,32.081322520408165,-84.66997282653061,2298872021,0.0,2
df32e16b-ba2b-3856-8027-36d8c291cd7b,SPEECHFAMILY,4243 DUNWOODY CLUB DR STE 104,BROOKHAVEN,GA,303192209,33.8584368,-84.340203,4044282789,0.0,48
ea804dcc-57d9-3f6f-ac5d-35a71f0e56fd,SO CRESCENT BEH HLTH SYS - ANCHOR HOSPITAL CAMPUS,5454 YORKTOWN DRIVE,RIVERDALE,GA,302742636,33.5726113,-84.4132594,7709916044,0.0,281
8673e23a-24a3-3290-b797-f76d42f4811e,PROFESSIONAL RESOURCES MANAGEMENT OF RABUN  LLC,162 LEGACY PT,CLAYTON,GA,305255354,33.5204959,-84.3591713,7067823100,0.0,2
6b8bd5a4-b114-3f5f-918d-5210e722cb92,HORIZON URGENT CARE LLC,6000 HILLANDALE DR,LITHONIA,GA,300584840,33.7123305,-84.1051939,7703296318,0.0,137
b43ae200-2f9e-3341-a27f-f297b9b080d1,JENCARE NEIGHBORHOOD MEDICAL CENTER EAST POINT,2084 HEADLAND DR,EAST POINT,GA,30344,33.68904464771125,-84.45667212431421,3056286117,0.0,63
a5a33e5a-aa50-3bff-8a48-1ccb52fb2e97,SAMANTHA MEEKS FAMILY PRACTICE LLC,17 PROFESSIONAL DR STE 100,BRUNSWICK,GA,315203784,31.1827584,-81.4717198,9125745838,0.0,66
68c01862-6d0d-3ccb-b456-42459b94d2ca,1ST CHOICE HEALTHCARE CENTER  LLC,1423 CHURCH ST,DECATUR,GA,300333241,33.789265239345305,-84.28772430659222,4043770011,0.0,27
a06df648-901b-369b-9aac-69068e46d1c1,SINCLAIR FAMILY HEALTH  LLC,540 W THOMAS ST STE B,MILLEDGEVILLE,GA,310612745,33.083923788446114,-83.235595326144,4784141215,0.0,77
edf4c3f0-ac7c-3406-a065-87217734118c,LIVI FAMILY MEDICINE LLC,115 GRAYSON INDUSTRIAL PKWY STE 12,GRAYSON,GA,300174139,33.893810429530205,-83.94831785234899,7063056911,0.0,51
898213e2-d65a-3d41-8975-05cdb9b03d9f,CURTIS V. COOPER PRIMARY HEALTH CARE  INC,3219 COLLEGE ST,SAVANNAH,GA,314045254,32.0229237,-81.0561068,9125271000,0.0,262
7804d107-10d2-33e1-b368-aa505c6e3c2e,CANDLER HOSPITAL INCORPORATED,5353 REYNOLDS ST,SAVANNAH,GA,314056015,32.0277204,-81.1002568,9128195290,0.0,1
76bbbfd0-cbd6-338f-bd85-92cd9d548d74,SUNCREST HOME HEALTH OF GEORGIA  INC.,2400 LAKE PARK DR SE STE 140,SMYRNA,GA,300808982,33.896717,-84.482058,7704291455,0.0,22
d6702a0d-65cf-3c39-a75c-5c5029e3a5a4,ROPHE ADULT & PEDIATRIC MEDICINE,4910 JONESBORO ROAD,UNION CITY,GA,302912085,33.57189556437598,-84.54874036347798,7709647736,0.0,34
4feb4264-6bf3-3d9f-aadb-225d99a8b773,FAMILY PRACTICE & URGENT CARE,3812 SALEM RD,COVINGTON,GA,300164528,33.5967815,-83.8601827,6786255431,0.0,1
cb330b30-dfb2-325f-9230-457477150e3d,DACULA PRIMARY CARE LLC,465 DACULA RD,DACULA,GA,300192172,33.9982261,-83.9038399,7708221922,0.0,134
edf33026-1088-3be2-b35b-15b573b53cfa,LENBROOK SQUARE FOUNDATION  INC.,3747 PEACHTREE RD NE,ATLANTA,GA,303191360,33.8404475,-84.3770132,4042333000,0.0,1
e8e39217-41fb-3bdc-88f8-9fc16771ffb6,PREMIER FAMILY MEDICINE & URGENT CARE CLINIC INC,1315 DELAUNEY AVE,COLUMBUS,GA,31901,32.47111702556119,-84.97306066756354,7065073747,0.0,6
faf6d92b-69c2-32a3-81d1-d509593c549e,AMEDISYS HOSPICE OF DALTON,1510 NORTH THORNTON AVENUE  SUITE 200,DALTON,GA,307208517,34.7749619,-84.9718228,7062592518,0.0,1
2bd032ad-78ac-39ec-b594-75fb9bf4216d,PIEDMONT EASTSIDE MEDICAL CENTER,1700 MEDICAL WAY,SNELLVILLE,GA,300787022,33.87739355,-84.02149045111923,7709790200,0.0,3
9eb10388-3e12-3145-bc5b-9588fe12b225,ADVENTHEALTH MURRAY,707 OLD DALTON ELLIJAY ROAD  PO BOX 1406,FORT OGLETHORPE,GA,307424253,34.9513885,-85.2414925,7065172031,0.0,24
bf4b3ad0-288e-3741-9222-4af7de128a43,NORTH FULTON PRIMARY CARE WYLIE BRIDGE LLC,14205 HIGHWAY 92,WOODSTOCK,GA,301887138,34.080731,-84.452032,6782937854,0.0,35
4bf73b3c-1092-3b91-a168-3634903a35f2,RURAL URGENT CARE LLC,1925 W MAIN ST,JASPER,GA,301438721,33.3254635,-83.6868559,2566774552,0.0,10
010c9648-9fd9-38bc-970f-c9b08f9e1a65,A.G. RHODES HOME WESLEY WOODS,1819 CLIFTON ROAD  N.E.,ATLANTA,GA,303294021,33.7689292,-84.33302,4043150900,0.0,4
3cb4abf5-fd21-30ca-8b67-0a7333471d1d,DAHLONEGA PEDIATRICS AND ADOLESCENT MEDICINE PC,1055 NORTH GROVE ST.,DAHLONEGA,GA,305333876,34.54494165874004,-83.99288371158082,7068646700,0.0,25
19e88089-3c69-34d5-9651-9824a57f5683,GRADY MEMORIAL HOSPITAL CORPORATION,80 JESSE HILL JR DR SE,ATLANTA,GA,303033050,33.7517323,-84.3820052053816,4046161746,0.0,37
d7245ad9-e566-3d85-8b1f-f0d479a74cd8,REGENCY PARK HEALTH AND REHABILITATION,1212 BROADRICK DRIVE,DALTON,GA,307202503,34.78365,-84.98538,7062708008,0.0,4
d9e38dc6-c037-3ba6-bdab-a9dbe262f85f,INTERNAL MEDICINE ASSOCIATION OF ROCKDALE PC,1301 WELLBROOK CIRCLE,CONYERS,GA,30094,33.67857,-84.002762,7709223023,0.0,67
33bb640c-c0c2-3c5b-a1b9-6d63bf0fac21,REGENCY SOUTHERNCARE-METRO ATLANTA,1051 CULPEPPER DRIVE SW  SUITE 100,CONYERS,GA,300945986,33.650886,-84.022221,6784131360,0.0,30
ba9ed7c0-dc71-3f57-a7bf-c974c62d419a,BUFORD FAMILY PRACTICE AND URGENT CARE CENTER  P C,2805 HAMILTON MILL RD,BUFORD,GA,305194110,34.1069924,-83.9818123,6785410588,0.0,16
a3eefc47-60ab-3fe4-a115-910d7047fe1e,EAGLE EYE AND MEDICAL CLINIC INC,3138B HIGHWAY 278 NW,COVINGTON,GA,300142300,33.6027699,-83.8609955,7707841172,0.0,42
6fd203a3-0235-3ee2-82a2-b93ff0fd9fbc,KINDRED AT HOME,1921 WHITTLESEY ROAD   SUITE 310,COLUMBUS,GA,319049212,32.539444555555555,-84.96391316666667,7066497990,0.0,3
13fc61db-6999-36a0-b480-fd07571a5e24,LIFEBRITE COMMUNITY HOSPITAL OF EARLY,11740 COLUMBIA STREET,BLAKELY,GA,398232574,31.3773475,-84.9343388,2297234241,0.0,35
ba28e47d-6c6e-3fad-a414-34e718aefd7c,TRADITIONS HEALTH AND REHABILITATION,2816 EVANS MILL ROAD,LITHONIA,GA,300587440,33.7123305,-84.1051939,7704822961,0.0,1
6fa2392c-3560-3399-b1eb-7c1bcc4973fe,GEORGE MARTINEZ OFFICE OF INTERNAL MEDICINE LLC,750 N. COBB ST.,MILLEDGEVILLE,GA,310617167,33.087568672434266,-83.24433331322464,4784525515,0.0,45
1ba9a112-ab55-34bb-884f-f197920ad9e6,DOUGLASVILLE NURSING AND REHABILITATION CENTER,4028 HWY 5,DOUGLASVILLE,GA,301353530,33.7514966,-84.7477136,7709427111,0.0,39
0faad867-f194-3d1f-9db1-b92b144b413f,PIEDMONT FAYETTE HOSPITAL,1255 HIGHWAY 54 W,FAYETTEVILLE,GA,302144551,33.45314975,-84.5078021547979,7707197071,0.0,312
288003cc-e94b-3067-bbb9-1c59ec5f2b39,PEACHTREE PRIMARY CARE PC,1570 OLD ALABAMA RD,ROSWELL,GA,300762108,34.0227665,-84.31494981606471,7706766838,0.0,19
b4758d29-4ea7-3342-b30d-006068a3a664,BRIAN CENTER HEALTH & REHABILITATION/CANTON,150 HOSPITAL CIRCLE N.W.,CANTON,GA,301143209,34.2367621,-84.4907621,7704795649,0.0,14
719b7a1c-3f36-34a6-88db-c9910e4f5556,DOUGLAS HOSPITAL  INC.,8954 HOSPITAL DR,DOUGLASVILLE,GA,301345632,33.738904250000004,-84.73181925810573,7709491500,0.0,651
6cbb1bfa-332e-3a92-9df2-97dc11dcafe6,SOUTHEAST GEORGIA HEALTH SYSTEM  INC,2000 DAN PROCTOR DR,ST MARYS,GA,315583810,30.7809652,-81.61461479792533,9125766200,0.0,15
79ad9de1-9628-336b-b9ce-84e92af5616d,HIS HANDS FAMILY PRACTICE CLINIC LLC,6011 HENDRIX LN,MABLETON,GA,301263483,33.80793732363366,-84.56611317420722,6785595803,0.0,79
262f4d79-ca49-3058-bd30-d174c8e6375a,SELECT SPECIALTY HOSPITAL MIDTOWN ATLANTA LLC,705 JUNIPER ST NE,EAST POINT,GA,303443615,33.6795531,-84.4393724,4048732871,0.0,199
b56f456b-91cc-3e78-aecc-b509ce325b4b,GRADY MEMORIAL HOSPITAL CORPORATION,80 JESSE HILL JR DR SE,ATLANTA,GA,303033050,33.7517323,-84.3820052053816,4046161000,0.0,2
81823cb4-8381-38ef-b533-19cf4c62830b,INTREPID USA HEALTHCARE SERVICES,2510 ARCHWOOD DRIVE SUITES 11 &12,ALBANY,GA,317076623,31.613970306409666,-84.21295086171942,2294308878,0.0,8
2c00e071-289b-31b2-bcaf-ce28574a0bb0,MT VERNON FAMILY MEDICINE,1705 MOUNT VERNON RD STE A,DUNWOODY,GA,30338,33.946799,-84.331654,7703509100,0.0,109
a0fe8894-656c-3c11-ba31-4ee66ad14f5e,MERIWETHER HEALTHCARE LLC,5995 SPRING ST,WARM SPRINGS,GA,318302149,32.889819900000006,-84.68298391877875,7066553331,0.0,44
46d9c8bb-81a7-34db-8fbd-e1e2127511df,CHARIS HEALTHCARE LLC,2365 POWDER SPRINGS RD SW STE 1103,MARIETTA,GA,300644574,33.9222864,-84.5777666,4706049800,0.0,49
eb1c3f73-cd50-3429-bf1e-24b44ba7721c,ANDREW T MECCA URGENT CARE LLC,5612 WHITESVILLE RD,COLUMBUS,GA,319049031,32.52347800818157,-84.95858434888578,7063222223,0.0,9
d0f4b9fe-6727-3019-ac87-50fcc372bb70,CHILDREN'S HEALTHCARE OF ATLANTA AT EGLESTON,1405 CLIFTON ROAD  NE,ATLANTA,GA,303292309,33.79356545,-84.3198588725491,4047856101,0.0,30
5381b76a-649b-3f1c-b445-0725f29178e5,OAKHURST MEDICAL CENTER INC,1760 CANDLER ROAD,DECATUR,GA,300323254,33.752575,-84.29213,4042988998,0.0,62
93caa925-46fd-31c7-bde8-3ba5fa1c32c7,DEPARTMENT OF BEHAVIORAL HEALTH AND DEVELOPMENTAL DISABILITIES,1915 EISENHOWER DR,SAVANNAH,GA,314065027,31.9995831,-81.08202707384353,9123562011,0.0,112
4090babd-46dc-3204-83f1-792afb95ee53,CARECONNECT FAMILY PRACTICE,23 OLD SCHOOL ROAD,GEORGETOWN,GA,398544627,31.884605,-85.1074308,2293349353,0.0,50
49fc2a53-1125-39ec-86bd-128652b8f11b,ATLANTA PLUS URGENT CARE,2121 SALEM RD. SE,SANDY SPRINGS,GA,303503931,33.9242688,-84.3785379,7706794360,0.0,16
8bf0efd1-696e-3304-b63e-96f981de0ef5,AMEDISYS HOME HEALTH,17 PARK OF COMMERCE BLVD  SUITE 100,SAVANNAH,GA,314057470,32.066191076778495,-81.16221956438116,9122339800,0.0,6
7025e738-9991-3d1a-b7a1-e8a488bf30c5,LANIER HOSPICE LLC,4482 COMMERCE DR STE 201,BUFORD,GA,305187503,34.09983148515636,-84.01062580290083,4046935608,0.0,2
986a2b1a-ca89-376e-ba07-9c0bc5692e88,UH INTERNAL MEDICINE PARTNERS,3121 PEACH ORCHARD RD,AUGUSTA,GA,309063531,33.412257938248295,-82.02596317186881,7067925075,0.0,52
d710df69-7759-389e-8d5e-e7480a5f6a78,AMEDISYS HOSPICE,138 CANAL STREET SUITES 304/305,POOLER,GA,313224051,32.13086743649016,-81.2550909305182,9126915755,0.0,6
00cbd770-6e97-3d32-bdbf-0ceeb4eff735,CRISP URGENT CARE AND MEDICAL CENTER,216 HOSPITAL DRIVE,CORDELE,GA,310151782,31.9635074,-83.7823938,2292719330,0.0,9
33e6a21c-5d6c-3024-a2e0-2026220f4bd6,SOUTHSIDE MEDICAL CENTER  INC.,540 FAYETTEVILLE RD SE,ATLANTA,GA,303162306,33.73929007913624,-84.3111766804243,4046881350,0.0,72
34191958-daa5-3ea4-852b-6095203df5a1,SOUTHEAST SPINE CENTER LLC,7450 SKIDAWAY RD,SAVANNAH,GA,314066446,32.052369,-81.066595,9122336811,0.0,433
441cb169-dc03-3226-a6a6-116c7894516a,TMC VILLA RICA HOSPITAL  INC,601 DALLAS HWY,VILLA RICA,GA,301801202,33.74539685,-84.9164803348259,7704563000,0.0,66
46f007ca-7fb2-3d7b-a380-51694bdae8dc,FAYETTEVILLE CENTER FOR NURSING & HEALING LLC,110 BRANDYWINE BLVD,FAYETTEVILLE,GA,302141500,33.45228562133494,-84.48321192879523,7704612928,0.0,2
1c9347c3-abf3-3456-a4ba-1314b984f884,TIFT REGIONAL MEDICAL CENTER,901 E 18TH STREET,TIFTON,GA,317943682,31.470508199999998,-83.49107456319317,2293827120,0.0,1056
e3599d88-9c9b-3e7b-8336-da320c920b04,NORTH FULTON PRIMARY CARE-WILLEO ROAD  LLC,9420 WILLEO RD,ROSWELL,GA,300756773,34.01022976190476,-84.37455784523809,4702354859,0.0,38
a43202b6-5465-3868-948c-0618d80fadfd,SANDY SPRINGS HEALTH AND REHABILITATION,1500 S JOHNSON FERRY ROAD,ATLANTA,GA,303191612,33.7489924,-84.3902644,4042522002,0.0,4
9296feaa-5e01-3c87-b7b9-d13246f824b0,PHYSICIANS UNITED URGENT CARE  P.C.,253 ROBT DANEL JR PKWY STE C,AUGUSTA,GA,309090801,33.4709714,-81.9748429,4708194849,0.0,1
c9c892b5-1327-3f3f-bdc9-b20005ab21be,CARECONNECT HEALTH INC,1007 E 16TH AVE,CORDELE,GA,310154553,31.9613198,-83.7592945,2292738881,0.0,49
378ac572-c3aa-3197-ad28-2eac65857439,PIEDMONT HEALTHCARE ENCOMPASS HEALTH REHAB HOSPITAL OF HENRY  LLC,2200 PATRICK HENRY PKWY,MCDONOUGH,GA,302534207,33.4473361,-84.1468616,4707132000,0.0,189
d783b554-4383-3e2c-bbd3-e70c63c947b0,DOWELL FAMILY WELLNESS  LLC,3600 DEKALB TECHNOLOGY PKWY,ATLANTA,GA,303403619,33.7489924,-84.3902644,4703953478,0.0,33
21ddf35f-ffc0-33a4-a452-fdccebbfc747,HOSPITAL AUTHORITY OF WILKES COUNTY,120 GORDON ST,WASHINGTON,GA,306730370,33.7285564,-82.74269761561945,7066782151,0.0,56
4dee99c8-e06e-3ace-a776-d04675f82583,EASTVIEW NURSING CENTER,3020 JEFFERSONVILLE ROAD,MACON,GA,312175118,32.84195236661236,-83.57232769445005,4787463547,0.0,3
6ca6121e-df3c-3b75-ba90-62d48f54daa4,ST MARY'S SACRED HEART HOSPITAL  INC,367 CLEAR CREEK PARKWAY,LAVONIA,GA,305534173,34.4407531,-83.1309122,7063567800,0.0,36
5c9c828d-55ad-3f38-bea2-5a39ec4883b8,CANDLER INTERNAL MEDICINE,106 BRIARWOOD RD,STATESBORO,GA,304582459,32.408991,-81.76357942424242,9128715000,0.0,17
1249788c-8ad2-36f4-a1ee-63478e965955,NEWTOWN PARK MEDICAL CLINIC AND GERIATRICS LLC,2880 OLD ALABAMA RD #300,JOHNS CREEK,GA,300225033,34.02115338419756,-84.27462475744258,4702993991,0.0,19
71d1e250-680d-39d9-8798-66a2af9d2142,QUINTON MEM HC & REHAB CENTER,1115 PROFESSIONAL BLVD,DALTON,GA,307202628,34.792970890994376,-84.98630930619386,7062264642,0.0,19
8c357d6c-84a4-3074-8b8a-67a864ce814d,FIRST CHOICE PRIMARY CARE  INC.,174 WALNUT ST,MACON,GA,312013440,32.83595101388889,-83.6213085,4787874266,0.0,54
6593e2c4-0d0c-38c9-bb68-476865699756,WARRENTON HEALTH AND REHAB,813 ATLANTA HIGHWAY,WARRENTON,GA,308289105,33.42105622968945,-82.68031246093858,7064653328,0.0,7
833d8c55-aec3-3aa4-97bf-e4356f6a99bc,BWELL MEDICAL AND WELLNESS CENTER,5933 STEWART PKWY,DOUGLASVILLE,GA,301352371,33.80663553125131,-84.75820101522436,4703319468,0.0,72
9faf5c2a-8459-3413-a3b9-797058fee491,SPARLIN HEALTH CARE  LLC,923 DILL AVE SW,ATLANTA,GA,303104145,33.71839565263158,-84.41850310526316,4047533141,0.0,17
54476f24-38a0-31db-b344-43b260ac23b1,PRIME HEALTHCARE FOUNDATION - SOUTHERN REGIONAL LLC,11 UPPER RIVERDALE RD SW,RIVERDALE,GA,302742615,33.5726113,-84.4132594,7709918000,0.0,19
7057b854-9bb5-3cb9-ac70-1903f4daa27d,HUTCHESON MEDICAL CENTER,100 GROSS CRESCENT,FORT OGLETHORPE,GA,307423643,34.9466765,-85.2629057,7068582101,0.0,30
62322037-5416-331e-93e0-0fb0bfbd6a4c,Savannah Vet Center,321 Commercial Dr,Savannah,GA,31406,32.006786,-81.10781,912-961-5800 Or 912-961-5800,0.0,185
d0c7c2f5-9818-3deb-9c27-2ea08bf95972,PROFESSIONAL RESOURCES MANAGEMENT OF RABUN  LLC,162 LEGACY PT,CLAYTON,GA,305255354,33.5204959,-84.3591713,7067820401,0.0,26
7f6e3fc1-b222-3408-9a29-ad289522be8d,SAINT JOSEPH'S MERCY CARE SERVICES INC,1976 FLAT SHOALS RD SE STE B,ATLANTA,GA,303162857,33.72621713043478,-84.32287713043478,6788438601,0.0,34
8762ac1e-d10e-3df8-9f51-81f8161d6548,AFFINIS HOSPICE  LLC,2402 TIFT AVE N STE 201,TIFTON,GA,317941883,31.47642418367347,-83.50312304081632,2293865364,0.0,2
2fc7f103-2029-3e28-833c-723046f23c64,HOSPITAL AUTHORITY OF WILKES COUNTY,120 GORDON ST,WASHINGTON,GA,306730370,33.7285564,-82.74269761561945,7066789211,0.0,90
c1b840bb-e364-3edb-a80e-a93c942691bb,MIDTOWN UROLOGY SURGICAL CENTER  PC.,1924 PIEDMONT RD NE,ATLANTA,GA,303244117,33.809909649999994,-84.36640670516451,4048810966,0.0,154
8152c53d-e902-33d2-933a-1d505ede6793,MODERN INTERNAL MEDICINE URGENT CARE AND PRIMARY CARE INC.,2457 MARTIN LUTHER KING JR DR SW,ATLANTA,GA,303111712,33.752005,-84.467624,7048586851,0.0,2
d82798f2-d792-3564-a6a1-5531bc4781b1,PEACHTREE CITY URGENT CARE  INC,8 EASTBROOK BND,PEACHTREE CITY,GA,30269,33.41171617990343,-84.56296290660637,7704872273,0.0,2
21ad1d7d-f25f-399f-9b2c-d0e612436f98,ST SIMONS-BY-THE-SEA,2927 DEMERE ROAD,ST SIMONS ISLAND,GA,315221620,31.164119200000002,-81.40226510385112,9126381999,0.0,113
ebea2744-ccbb-372f-bed3-64f409176715,THE HOSPITAL AUTHORITY OF HABERSHAM COUNTY,541 441 HISTORIC HWY N,DEMOREST,GA,305354528,34.565193,-83.5453322,7067542161,0.0,942
420b4396-2c01-3c75-a6cc-c1603b7d0b8e,SAINT JOSEPHS HOSPITAL INC,11705 MERCY BLVD,SAVANNAH,GA,314191711,31.98593,-81.15510237512756,9128192404,0.0,62
b88489c2-987e-3007-9793-0275bb1e46d7,MORROW FAMILY MEDICINE  LLC,3970 DEPUTY BILL CANTRELL MEMORIAL RD,MILTON,GA,300043609,34.1135408,-84.2695169,7707818004,0.0,15
19bb9982-19eb-3fdf-87eb-0e2327b5224f,TY COBB HEALTHCARE SYSTEM  INC.,521 FRANKLIN SPRINGS ST,LAVONIA,GA,305534173,34.4353309,-83.1071278,7062455071,0.0,30
4eefccc8-bd44-35d0-a829-de30e20bf4ab,HEARTLAND HOSPICE SERVICES- BRUNSWICK,664 SCANTON ROAD SUITE 103,JESUP,GA,315451318,31.6074365,-81.8853924,9122618760,0.0,14
e510ecfd-cca9-36d8-b7fd-a7f2da4c6fe4,MAGNOLIA MANOR OF COLUMBUS INC,2010 WARM SPRINGS RD,COLUMBUS,GA,319047932,32.4968974,-84.9635545,7063240387,0.0,2
ece3158c-1479-3cdc-bbb2-ee06750be0d4,SOUTHERN URGENT CARE LLC,4717 HIGHWAY 80 E,SAVANNAH,GA,314102944,32.0564572,-81.0951271,9128982227,0.0,129
cc050ced-708b-3c14-92fb-94c02ce8de76,COMMUNITY HEALTH CARE SYSTEMS  INC.,100 N ABC STREET,MILLEDGEVILLE,GA,310614906,33.0801429,-83.2320991,4782154009,0.0,28
a7a40b42-7cf3-33b5-9e93-f082d8b00ccf,GUARDIAN HOME CARE  LLC,11660 ALPHARETTA HWY  SUITE 440,ROSWELL,GA,300763880,34.0633453,-84.3227656,8667494301,0.0,91
f21346d7-8d5a-3894-9330-21e8e21835f1,EAST GEORGIA REGIONAL MEDICAL CENTER,1499 FAIR RD,STATESBORO,GA,304584786,32.414787950000004,-81.77036096209685,9124861000,0.0,2
49293380-3c46-3c1a-a791-e1d2fa85f849,WELLSTAR ATLANTA MEDICAL CENTER,303 PARKWAY DRIVE  NE,EAST POINT,GA,303443615,33.6795531,-84.4393724,4042654000,0.0,73
a87a71e3-d358-333b-8042-311b9eaf9f8a,EAST CENTRAL REGIONAL HOSPITAL,3405 MIKE PADGETT HWY,AUGUSTA,GA,309063815,33.395695,-82.0115058,7067927006,0.0,82
e03d6a50-8109-3960-8913-1e18eaf30436,AMEDISYS HOME HEALTH OF MACON,6040 LAKESIDE COMMONS DR,MILLEDGEVILLE,GA,310617185,33.0801429,-83.2320991,4784760181,0.0,34
1b2e49a9-9d69-360e-a719-98458ba0923a,AFC PHYSICIANS OF GEORGIA URGENT CARE PC,3481 ERNEST BARRETT PKWY,MARIETTA,GA,300642703,33.96135378978623,-84.61920872678462,6783485119,0.0,4
e78e9a3a-195e-384d-97a4-4a03d6c8c016,TIFT REGIONAL HEALTH SYSTEM INC,2735 CENTRAL AVE S,TIFTON,GA,317945645,31.436462,-83.516734,2293885690,0.0,50
bb167b1f-ac82-3374-b993-698359013cc3,COMPASSUS-KENNESAW,300 CHASTAIN CENTER BLVD SUITE 345,KENNESAW,GA,301445557,34.0234337,-84.6154897,7702181997,0.0,11
82fcd346-c0bd-3112-ab41-6c78e88fda0e,HIGHLAND URGENT CARE AND FAMILY MEDICINE LLC,920 PONCE DE LEON AVE NE,ATLANTA,GA,303064212,33.774129,-84.3572617208396,4048151957,0.0,2
2f8da32a-0bfa-36a4-ac73-42e3ef1aeaf8,DELMAR GARDENS OF SMYRNA,404 KING SPRINGS VILLAGE PKWY,SMYRNA,GA,300824240,33.856398,-84.51645412848268,7704324444,0.0,27
f7a6eac6-ccd2-3d98-b97d-527dbeb9644c,ACSH URGENT CARE OF GEORGIA LLC,4861 BILL GARDNER PKWY,LOCUST GROVE,GA,302483644,33.353482,-84.115787,7706265740,0.0,3
7f9356d5-6079-3626-adf0-db02afc1c15b,HAMILTON HOME HEALTH,517 BENJAMIN WAY  SUITE 400,DALTON,GA,307214659,34.759981060704874,-84.96174573449792,7062262848,0.0,25
0fc0a6f4-904f-3c48-bb0b-74f866f28855,UNIVERSITY HEALTH RESOURCES  INC.,2021 SCOTT RD,AUGUSTA,GA,309062539,33.431075438211025,-82.01311925491223,7067931057,0.0,2
2c68ea6b-ab27-3781-af79-695c8f58e337,GAINESVILLE INTERNAL MEDICINE GROUP  LLC,667 LANIER PARK DR,GAINESVILLE,GA,305012059,34.32058956128359,-83.79749540360832,7705327501,0.0,30
2b670b5a-d48d-3c16-85ed-644e561cd491,SELECT SPECIALTY HOSPITAL - SAVANNAH  INC,5353 REYNOLDS STREET 4 SOUTH,SAVANNAH,GA,314056015,32.0564572,-81.0951271,9128197986,0.0,2
032c878e-bf86-372f-9d85-9f5e8d1e079b,ATHENS FAMILY MEDICINE  INC,2205 BARNETT SHOALS RD,ATHENS,GA,306053605,33.9209548,-83.3415401,7065481555,0.0,31
c5d4cc7e-6b95-376e-85cc-c298d432db63,RIVERWOODS BEHAVIORAL HEALTH SYSTEM,223 MEDICAL CENTER DRIVE,RIVERDALE,GA,302742615,33.5726113,-84.4132594,7709918500,0.0,43
a51bd822-89a1-31d3-a51b-08b1409f8cdb,GREEN ACRES HEALTH AND REHABILITATION,313 ALLEN MEMORIAL DRIVE SW,MILLEDGEVILLE,GA,310614405,33.0801429,-83.2320991,4784539437,0.0,3
ae8b5080-7a9b-37b3-8516-f3474d8f5670,WESTSIDE URGENT CARE LLC,2250 MARIETTA BLVD,ATLANTA,GA,303182020,33.81783825880017,-84.44884765460091,4046921050,0.0,3
b8e81566-e792-397f-9624-e4ffba3c35a4,OCEANSIDE HEALTH AND REHAB,7 ROSEWOOD AVENUE,TYBEE ISLAND,GA,313289435,32.016668836734695,-80.84382855102041,9127864511,0.0,12
1e1e36d3-0cad-3142-b499-c894ddd09309,TIFTON FAMILY MEDICINE  PC,902 18TH ST EAST,TIFTON,GA,317943648,31.470318170399665,-83.4912121380766,2293826414,0.0,76
4370bb3c-b42e-3e75-9342-4ea7d4207409,ALLEN FAMILY HEALTHCARE LLC,149 BERKELEY WAY,RIVERDALE,GA,302743902,33.5726113,-84.4132594,6787687541,0.0,72
534350ef-e4c5-3c91-8bf2-c359cc526797,HOMESTEAD HOSPICE OF SOUTH GEORGIA  LLC,110 10TH ST E STE A,TIFTON,GA,31794,31.4549719,-83.5108284,6789660077,0.0,1
8aca6256-5c53-36e2-ad1a-221ae94d8773,COMMUNITY HEALTH CARE SYTEMS- WILKINSON,218 MILLEDGEVILLE HWY,GORDON,GA,310313827,34.5019651,-84.8986308,4788643448,0.0,47
94a9862d-326d-3445-80e9-65fb23eed6c1,WOODSTOCK NURSING & REHAB CTR,105 ARNOLD MILL ROAD,WOODSTOCK,GA,301885027,34.101957999999996,-84.51613356451577,7709260016,0.0,4
9c83cf06-ed7d-31b2-ab8b-a55560c826f6,URGENT MEDICAL MANAGEMENT LLC,421 POOLER PKWY STE 100,SAVANNAH,GA,314191822,32.1412289,-81.2402465,9127372022,0.0,2
b37234a1-7edf-3d46-bcaa-d7b886d5348f,PIEDMONT ATHENS REGIONAL MEDICAL CENTER  INC.,1199 PRINCE AVENUE,WATKINSVILLE,GA,306777241,33.8628959,-83.4087709,7064757000,0.0,36
5e29a418-356a-3a2a-a2eb-39945ef89ab7,AMC/NORTH FULTON URGENT CARE #3  LLC,5655 ATLANTA HWY,ALPHARETTA,GA,300045208,34.0709576,-84.2747329,7703436364,0.0,26
37c03737-4fcc-3d81-9553-16537c99cf77,SPANISH OAKS HOSPICE INC,8510 WHITFIELD AVE,SAVANNAH,GA,314066137,32.0564572,-81.0951271,9123360233,0.0,1
078a5440-2dd5-3461-a6a0-fa0e2d73222e,BALANCED FAMILY WELLNESS,931 LOWER FAYETTEVILLE RD STE H,NEWNAN,GA,30263,33.37530998554339,-84.7589009825516,7066836884,0.0,48
3fe8dc24-87dc-35db-a795-7c7563f80d55,HOUSTON MEDICAL CENTER,1601 WATSON BLVD,WARNER ROBINS,GA,310933431,32.6166157,-83.63073654123762,4789224281,0.0,40
75363263-95e2-3c31-862b-73d7af330229,PIEDMONT NEWNAN HOSPITAL  INC.,745 POPLAR RD,SHARPSBURG,GA,302773589,33.3392842,-84.6485417,7704002320,0.0,42
da185eb5-f9fa-31ad-a48c-4fa3728d0da5,ALPHA INTERNAL MEDICINE LLC,745 GLYNN ST S,FAYETTEVILLE,GA,302142049,33.433763117972,-84.45689448610622,7707195490,0.0,88
bdd10a37-2ccd-3d8c-abe7-b4afcda3c3b1,PRUITTHEALTH HOSPICE-ATHENS,1751 MERIWEATHER DRIVE  SUITE 1A,WATKINSVILLE,GA,306777792,33.8628959,-83.4087709,7065521699,0.0,6
ea321a66-7411-36a7-a717-0b5b1efa03ee,HEARTLAND HOSPICE SERVICES- AUSTELL,5990 LOVE STREET,AUSTELL,GA,30168,33.8087616097561,-84.63397256097562,7707451414,0.0,15
cae80475-7715-3a5c-9ca6-b78c4b7a9700,ANGLYN FAMILY MEDICAL CENTER  LLC,55 SIMS ST,MCDONOUGH,GA,302532320,33.44961820588235,-84.14150620588237,7709573922,0.0,38
e438b2e2-1928-34d2-b0da-c160e594389a,MACON OPERATING LLC,3051 WHITESIDE RD,MACON,GA,312166209,32.74033160367672,-83.6776167893264,4787881421,0.0,2
033897d3-c871-3710-bdfc-78215ab7496b,KENNESAW HEALTH AND WELLNESS CENTER LLC,1595 KENNESAW DUE WEST RD NW STE 100,KENNESAW,GA,301527640,33.99309276190476,-84.62874647619047,4703083365,0.0,36
fccccb38-5b65-3a89-a913-9fb7d38f4821,HEALING PATH WELLNESS LLC,37 W FAIRMONT AVE STE 320,SAVANNAH,GA,314063820,32.00069844897959,-81.12322412244897,9122315251,0.0,31
358e8970-7769-382a-b816-6eb7ee3686f7,AFFINIS HOSPICE  LLC,248 NE BROAD ST,JESUP,GA,315464371,31.609325585858585,-81.87675467676769,9129169795,0.0,1
16c011d4-1946-3b9b-b68a-2fe407f31d3c,LENTZ URGENT CARE & FAMILY MED INC,182 SUNSET BLVD,JESUP,GA,315450401,31.597657756756757,-81.90939567567567,9123852102,0.0,26
876e5c8b-5a97-3dcc-bfad-8e030c849650,UC URGENT CARE INC.,6781 LONDONDERRY WAY,UNION CITY,GA,302912094,33.5726206,-84.5375292,7708977043,0.0,1
5368cfab-0e22-3a6f-8091-308696cd187c,PEACHFORD BEHAVIORAL HEALTH SYSTEM OF ATLANTA,2151 PEACHFORD ROAD,ATLANTA,GA,303386534,33.929196149999996,-84.30100349772643,7704553200,0.0,296
5b58c8ff-ed96-3e6f-b22f-c2d5c3a566a2,AFFINIS HOSPICE  LLC,110 STONE BROOKE DR,GRAY,GA,310325865,33.000408780993304,-83.54475012003402,4789368959,0.0,3
df4f3117-9325-3f4f-b3a5-1dab86b3e6bc,ROCKDALE HEALTHCARE CENTER,1510 RENIASSANCE DRIVE,CONYERS,GA,300123895,33.6676103,-84.0176904,7704834480,0.0,97
bc7e4135-b274-334d-a582-b327a1a4d181,GP HEALTH CARE CENTER,4855 FLOYD RD SW,MABLETON,GA,301261323,33.8363331,-84.5756114,7707436191,0.0,35
21a0c9f7-5b48-3b8d-b17f-accc1a56e478,UNIVERSITY MCDUFFIE COUNTY REGIONAL MEDICAL CENTER  INC.,2460 WASHINGTON RD,THOMSON,GA,30824,33.523202600000005,-82.5023687874193,7065951411,0.0,44
2d1c8dcd-b758-3118-b299-b9fb43ddd116,SELECT SPECIALTY HOSPITAL - AUGUSTA  INC,1537 WALTON WAY,AUGUSTA,GA,309043764,33.475495,-81.99032,7067311200,0.0,6
edeeeeb0-6f97-39ab-b6f3-47efdd03b4c1,COLUMBUS SPECIALTY HOSPITAL  INC,616 19TH STREEET,COLUMBUS,GA,319011528,32.4610708,-84.9880449,7064944075,0.0,25
fed20b85-8b3b-3751-8823-e6ac6dab7771,PIEDMONT COLUMBUS REGIONAL NORTHSIDE,100 FRIST CT,COLUMBUS,GA,319095681,32.534974649999995,-84.95122471993574,7064942101,0.0,10
efb6885c-7486-357e-a887-65bd0ea666bb,DEKALB MEDICAL CENTER  INC,2801 DEKALB MEDICAL PKWY,LITHONIA,GA,300584996,33.7057912,-84.14831144086523,4045017534,0.0,63
21f1c4b4-74c7-3bf4-a3dd-58cffe998d94,DECATUR HEALTH RESOURCES  INC.,450 N CANDLER ST,DECATUR,GA,300302626,33.777421450000006,-84.29291852461523,4045017534,0.0,209
2112aaf4-6d15-3f0c-9e5d-3fe9dd571869,FAMILY PRACTICE HEALTHCARE CLINIC/URGENT CARE CLINIC  LLC,10 NORTH 3RD AVE,MCRAE,GA,310554941,32.07027469230769,-82.89997284615384,2298682831,0.0,8
ca5fa9f4-5fad-388c-a582-3b5bd6ca87f9,URGENT MD HEALTHCARE SERVICES  P.C.,101 FORNUM DRIVE,WASHINGTON,GA,306731601,32.9619979,-82.7748026,7064343500,0.0,197
fc967797-caa1-390d-a7c8-a920848687e8,RESORTS AT POOLER INC,508 S ROGERS ST,POOLER,GA,313223116,32.11199893035922,-81.25010913570355,9127486840,0.0,3
9ae79fc4-81b3-3a23-a276-098b8fcd61a0,CARTERSVILLE FAMILY MEDICINE,17 COLLINS DR,CARTERSVILLE,GA,301202487,34.19294728111088,-84.79017278333679,7703869390,0.0,17
66cbe530-1797-303e-8f5d-7906395eeda5,WALKER HEALTH AND WELLNESS LLC,111 BRADFORD DR,BLOOMINGDALE,GA,313024926,32.1324249,-81.2990018,6146796042,0.0,62
e66c78e5-2c4b-37a5-a87a-b19e1e1281de,SOUTHERN FAMILY MEDICAL CENTER PC,3736 MIKE PADGETT HWY STE A,AUGUSTA,GA,309060720,33.36556564625366,-81.99503940475822,7065602273,0.0,48
1158f388-ecc2-3b9f-ab95-59f880e401df,SANDY SPRINGS FAMILY MEDICINE AND URGENT CARE,8640 ROSWELL RD,SANDY SPRINGS,GA,303501821,33.99261213636364,-84.35143631818183,7709062396,0.0,3
9dc77cee-aee5-344e-a35a-a86bdbeb7316,GET WELL URGENT CARE LLC,6842 DOUGLAS BLVD STE K,DOUGLASVILLE,GA,301351062,33.72810532628026,-84.75498352105852,4049373508,0.0,39
26527d65-3a64-3cc4-ba26-c3cdeb20f048,RELIABLE HEALTH & REHAB AT LAKEWOOD,1980 ARROW STREET  SW,ATLANTA,GA,303105050,33.70027389409228,-84.42589716359669,4047554080,0.0,19
0af8eddd-514b-3a5d-99b9-88f5e3c95fc4,THE MEDICAL CENTER  INC.,710 CENTER ST,COLUMBUS,GA,319048915,32.480631900000006,-84.9827325832949,7066606101,0.0,189
880ff9ce-866e-3ca5-8853-239e25812ac7,CHATTAHOOCHEE HEALTH CARE,220 ALSTON STREET,CUSSETA,GA,318053602,32.3047293,-84.77638308398892,2298873324,0.0,131
ef29f6f4-3c0b-3497-a2b4-e1bdf3450355,PRUITTHEALTH HOSPICE-UNION CITY,7345 RED OAK ROAD BUILDING 25,UNION CITY,GA,302912391,33.5870558,-84.5424299,7702548612,0.0,25
9e61def2-fea2-347c-a0f1-8291548310a5,SURGICARE GWINNETT,367 ATHENS HWY,LOGANVILLE,GA,30052,33.845467,-83.910482,6784666760,0.0,18
78a9a481-b270-3944-b012-d89dcfc2f8a7,VALLEY HEALTHCARE SYSTEM INC,94 MCCRARY ROAD,FORTSON,GA,318084558,32.6070821,-84.9371542,7069878216,0.0,6
0e75e9ff-c12d-3035-9111-c094600acb14,MAGNOLIA MANOR OF ST SIMONS INC,2255 FREDERICA RD,ST SIMONS ISLAND,GA,315221910,31.169340774193547,-81.38295548387097,9126389988,0.0,2
d401bee6-6f7f-3354-9a0f-6bf7e3f210b3,PRIMARY FAMILY MEDICINE L.L.C,110 WOODCREST BLVD,WARNER ROBINS,GA,310938824,32.61862711392194,-83.64612407443039,4789226685,0.0,31
ed987f0e-4bd7-3438-99ae-52746442e5bd,WINDWARD SURGERY CENTER,12425 MORRIS ROAD,ALPHARETTA,GA,300054137,34.083804360801736,-84.26293360435372,7708443242,0.0,336
aa43b7bc-8563-3aa6-8a05-8ac68f6af9d8,ADVENTIST HEALTH SYSTEM GEORGIA INC,1035 RED BUD RD NE,CHATSWORTH,GA,307052070,34.7665942,-84.7698842,7068794710,0.0,99
12f65d67-9ab4-3eb6-a2c5-3e23de52b788,MATCH HEALTHCARE CONSULTING,6505 216TH ST SW STE 100,BUFORD,GA,305185727,34.1206564,-84.0043513,4705942570,0.0,45
25f69658-8e77-30a6-bdda-8e0cb389db9b,ST. FRANCIS HEALTH  LLC,2000 16TH AVE,COLUMBUS,GA,319011665,32.483086,-84.96865,7065964000,0.0,366
57a74fa4-97bf-34fa-8f27-2d338edaea2d,SAINT JOSEPHS HOSPITAL OF ATLANTA INC.,5665 PEACHTREE DUNWOODY RD NE,ATLANTA,GA,303425002,33.7489924,-84.3902644,4048515706,0.0,5
5f4ac10c-f19e-39ea-a269-1c0591003380,CARECONNECT HEALTH INC,510 ALSTON ST STE B,TIFTON,GA,317938200,31.4549719,-83.5108284,2298873324,0.0,29
4349354e-621e-3b9e-b470-6ff23a1f1057,FAMILY MEDICINE OF POOLER  LLC,433 US HIGHWAY 80 W,POOLER,GA,313222509,32.113942183673466,-81.2419615,9127481100,0.0,46
9a8966ba-cb2c-3b6f-8d7c-def21f0f8fa7,ULTRA CARE OF GEORGIA  INC,5820 VETERANS PKWY STE 109,COLUMBUS,GA,319043453,32.527132116265165,-84.96030298222881,7063247763,0.0,24
b866f279-685b-33d0-9363-125d8342fa07,ST FRANCIS HOSPITAL- EMORY HEALTHCARE,2122 MANCHESTER EXPY,COLUMBUS,GA,319096244,32.4610708,-84.9880449,7065964000,0.0,13
b1660c6e-afd3-325e-8cde-5ae498b672d2,HARMONY HOSPICE LLC,110 HARMONY CROSSING,EATONTON,GA,310249553,33.3267128,-83.388485,7069234677,0.0,3
9d79fc6e-cb1a-3ba2-8423-1eb7d66f1674,THE MEDICAL CENTER OF PEACH COUNTY  INC.,1960 HWY 247 CONNECTOR,BYRON,GA,310085663,32.6537561,-83.7596294,4786542000,0.0,6
f79318b9-af47-3087-a190-7a939c7b4611,CRABAPPLE FAMILY MEDICINE,2700 ABBEY CT,ALPHARETTA,GA,30004,34.0866259,-84.3539319,7707724233,0.0,80
91dc3fce-f333-36dd-bfbe-3da1e4737a23,CANDLER HOSPITAL INCORPORATED,5353 REYNOLDS ST,SAVANNAH,GA,314056015,32.0277204,-81.1002568,9128195290,0.0,8
1ce47558-4a41-38f2-9b72-b493f7576cb7,NORTHSIDE HOSPITAL INC.,1000 MEDICAL CENTER BLVD,SUWANEE,GA,300242013,34.0514898,-84.0712997,6783121000,0.0,115
6585c368-685c-396f-90a9-b17c963ae2d1,SAINT JOSEPHS HOSPITAL INC,11705 MERCY BLVD,SAVANNAH,GA,314191794,31.98593,-81.15510237512756,9128192404,0.0,126
ec164d6b-4b37-3848-83e9-a9c3365da8d6,NISAR MEDICAL CENTER  INC.,1407 CHATTANOOGA AVE,DALTON,GA,307202631,34.7798983,-84.9716975,7062791757,0.0,79
d30b3f31-2928-38b8-abe2-321de6faa19d,MAYSVILLE FAMILY PRACTICE  INC,14 HOMER STREET,MAYSVILLE,GA,305581738,34.254867499999996,-83.55994104999999,7066522252,0.0,14
747b69c7-457e-397e-97a5-13bf0826e4a7,PALMETTO HEALTH COUNCIL INC,48 MAIN ST,SENOIA,GA,302761895,33.301341,-84.554238,6787230400,0.0,12
af6b6346-d30c-39e1-a755-cdef73a1cdf0,SOUTHERN CROSS SURGERY CENTER  LLC,1301 SIGMAN RD NE,CONYERS,GA,300123819,33.674433471698116,-83.98871937735849,7707609360,0.0,473
b5127533-471a-3b6f-b0b8-430d703ec212,FAMILY FIRST HEALTHCARE P.C.,939 THORNTON RD,LITHIA SPRINGS,GA,30122,33.7938404,-84.6346495,7707391233,0.0,19
222296ce-4c99-3fa8-b2f2-8c4f8af20e07,LIGHT HORSE HEALTHCARE INC,2060 DAN PROCTOR DRIVE,ST. MARYS,GA,31558,30.7787566,-81.615121,9128823800,0.0,13
7d167f86-86a3-308b-a19d-b0efc9136678,JOI LIFE WELLNESS GROUP LLC,767 CONCORD RD SE STE B,SMYRNA,GA,300822625,33.87470386099139,-84.52945067057323,4043830845,0.0,32
bd12d5bd-8f4f-3f5b-9f37-e48fd96b9de1,URGENT CARE CENTER OF CENTRAL GEORGIA LLC,113 WILLIE LEE PKWY,WARNER ROBINS,GA,310888970,32.6179288,-83.6962563,4783336688,0.0,7
683a9fe7-6b3a-33af-ae04-e4c231758636,PREMIER HEALTHCARE INVESTMENTS,509 SUMTER ST,MONTEZUMA,GA,310631733,32.2949104,-84.03056516369465,4784723100,0.0,31
f35e7bd3-94cc-3ab1-9bd0-ef921a567f54,AUTUMN BREEZE HEALTH AND REHAB,1480 SANDTOWN ROAD SW,MARIETTA,GA,300083821,33.916422640033005,-84.55429534287482,7704221755,0.0,45
b15b23b1-ce10-382d-b412-2d9029d4004b,WEST CENTRAL GEORGIA REGIONAL HOSPITAL,3000 SCHATULGA RD BOX 12435,COLUMBUS,GA,319073117,32.4610708,-84.9880449,7065685203,0.0,44
e8c832d2-e781-3732-a492-eb475507c066,SHADY GROVE REST HOME INC,1780 OLD 41 HWY NW,KENNESAW,GA,301524428,33.9878064,-84.5886106,7704277256,0.0,1
f1e623f4-6646-326b-a8c7-326364d86849,NAVICENT HEALTH BALDWIN,821 N COBB ST,MILLEDGEVILLE,GA,310612343,33.0896823,-83.24592310689115,4787764000,0.0,748
4def6081-f78b-3c79-8c6e-d10f58be1ad2,MANOR CARE REHABILITATION CENTER - DECATUR,2722 NORTH DECATUR ROAD,DECATUR,GA,300335910,33.7917584,-84.2981244,4042965440,0.0,3
9eb6d461-ce3f-3afb-889f-991e3d4c05af,REDDY URGENT CARE ROYSTON,132 FRANKLIN SPRINGS STREET STE B,ROYSTON,GA,30662,34.28684279805659,-83.11494643016006,7062457371,0.0,2
2f0ee889-3df4-3257-b0f6-f3599a17bb25,PROSPINE WELLNESS & INJURY CARE PC,4200 WADE GREEN RD NW STE 204,KENNESAW,GA,301441808,34.0234337,-84.6154897,6024306994,0.0,37
2a71be18-19c1-32ff-9b16-b6926da3004c,TUNNEL HILL WALK IN MEDICAL CENTER  LLC,3541 CHATTANOOGA RD,TUNNEL HILL,GA,307559393,34.84101254545455,-85.04683872727273,7065164426,0.0,30
ba023d46-4f7c-3980-b51b-424b4b429906,HEARTLITE HOSPICE,307 W EMERY STREET  SUITE B1,DALTON,GA,307208176,34.7691867,-84.9702475,7062721035,0.0,19
9b712099-3f7b-30d6-a568-acb204800e7c,FAMILY PRACTITIONERS OF GLYNN P.C.,390 EH CT,SAINT SIMONS ISLAND,GA,315222293,31.2182863,-81.3612077,9122674900,0.0,84
328a1c88-b1a4-3622-89a7-baa6139876f6,ABERCORN REHABILITATION CENTER,11800 ABERCORN STREET,SAVANNAH,GA,314191908,31.98371345,-81.15445336185701,9129254402,0.0,3
25ac0ac3-50af-3686-ab0d-ca3023dc2045,CHATTAHOOCHEE VALLEY FAMILY,1810 STADIUM DRIVE STE 240,COLUMBUS,GA,319011527,32.559331,-84.910838,3342918303,0.0,125
cc7974ce-954b-35a1-b718-b7a994cf0471,SUMMITRIDGE CENTER- PSYCHIATRY & ADDICTIVE MED,250 SCENIC HIGHWAY,LAWRENCEVILLE,GA,300465675,33.9423756,-83.98962311411557,6784425800,0.0,766
bfe8dfdd-2f32-3359-994b-7971c8c6fc1b,WEST REHAB SERVICES  INC.,2709 US HIGHWAY 17 BLDG 2A,SAVANNAH,GA,314198484,32.0564572,-81.0951271,9127565699,0.0,1
11feb060-b0c0-30ba-870b-3026504ec490,RV BEHAVIORAL  LLC,3995 S. COBB DRIVE,SMYRNA,GA,300806342,33.8579171,-84.5130825,7704344567,0.0,515
131b5414-9727-3539-893c-ae9ead4c9c8a,KINDRED HOSPICE,1303 HIGHTOWER TRAIL  SUITE 100,DOUGLASVILLE,GA,301341871,33.7514966,-84.7477136,7709525574,0.0,3
3b24b235-4e6c-37d9-9895-d8aa28320814,ELLIJAY URGENT CARE & FAMILY PRACTICE  LLC,97 HEFNER ST STE 202,EAST ELLIJAY,GA,305408268,34.6802987,-84.4800233,7066355177,0.0,122
bc90fbb8-cb46-3afb-aff6-dd26d05c62f2,TRADITIONS HOSPICE OF ATLANTA LLC,5415 SUGARLOAF PARKWAY,LAWRENCEVILLE,GA,300437832,33.9173622,-83.9999794,4702923426,0.0,1
41cf861f-d67f-37f1-9edb-a5754767198f,NEIGHBORHOOD IMPROVEMENT PROJECT  INC,2050 WALTON WAY,AUGUSTA,GA,309044163,33.47579192896036,-82.0082483699731,7067904440,0.0,15
